date,resource,usd,provider,billed_through_hour
2026-09-29,CPU,0.0240,Modal,2026-10-02T08:00:00
2026-09-29,L4,0.0729,Modal,2026-10-02T08:00:00
2026-09-29,Memory,0.0176,Modal,2026-10-02T08:00:00
2026-09-30,CPU,4.4974,Modal,2026-10-02T08:00:00
2026-09-30,L4,11.0597,Modal,2026-10-02T08:00:00
2026-09-30,Memory,3.7796,Modal,2026-10-02T08:00:00
2026-10-01,CPU,2.0222,Modal,2026-10-02T08:00:00
2026-10-01,L4,5.2523,Modal,2026-10-02T08:00:00
2026-10-01,Memory,1.7039,Modal,2026-10-02T08:00:00
2026-10-02,CPU,3.3105,Modal,2026-10-02T08:00:00
2026-10-02,L4,7.3888,Modal,2026-10-02T08:00:00
2026-10-02,Memory,2.3662,Modal,2026-10-02T08:00:00
